{"params": [{"epochs": 1, "sample_size": 29219, "BATCH_SIZE": 64, "sigma": 1.0, "delta": 1.0, "grad_norm": 1.2}], "0": [0.0020612812003365584, 0.004122562400673117, 0.006183843601009676, 0.008245124801346234, 0.010306406001682792]}