{"params": [{"epochs": 1, "sample_size": 32445, "BATCH_SIZE": 64, "sigma": 1.0, "delta": 1.0, "grad_norm": 1.2}], "1": [0.0018556041711525859, 0.0037112083423051717, 0.005566812513457757, 0.0074224166846103435, 0.009278020855762929]}